Action,Data,Expected Result
Launch the App Portal application. Click on 'Admin' tab.,,Verify the Admin page should be displayed without any errors.
Navigate to the Catalog Behavior Page,,Verify the Catalog Behavior page is displayed by selecting the following menu options from the left side navigation options from the admin page (Site Management >> Settings >> Web Site >> Catalog Behavior Page).
Enable Advance Search option check box is displayed as checked (by default),,"Verify the user can view the ‘Enable advance search options’ checkbox and should be enabled (by default) and all the Enable Advance Search option following sub options check boxes are enable : Enable search by catalog classification, Enable search result display based on catalog classification, Enable fuzzy logic search and Enable search history based on user profile."
"Click on 'Enable search by catalog classification' sub options check box, Save the changes",,"Verify system display ""Setting Saved."" message and Enable search by catalog classification check box is checked"
'Enable search result display based on catalog classification' sub option check box is enable,,Verify 'Enable search result display based on catalog classification' sub option check box is enable when Enable search by catalog classification check box is checked
"Uncheck the 'Enable search by catalog classification' sub options check box, Click on Save button.",,"Verify system display ""Setting Saved."" message and Enable search by catalog classification check box is unchecked"
'Enable search result display based on catalog classification' sub option check box is disable,,Verify 'Enable search result display based on catalog classification' sub option check box is disable when Enable search by catalog classification check box is unchecked
