Action,Data,Expected Result
Launch the App Portal application. Click on 'Admin' tab.,,Verify the Admin page should be displayed without any errors.
Navigate to the Catalog Behavior Page,,Verify the Catalog Behavior page is displayed by selecting the following menu options from the left side navigation options from the admin page (Site Management >> Settings >> Web Site >> Catalog Behavior Page).
The ‘Enable Advance Search Options’ sub-options are displayed to configure.,,"Verify that user should be able to view the ‘Enable Advance Search Options’ sub-options:

Enable search by catalog classification, Enable search result display based on catalog classification, Enable fuzzy logic search and Enable search history based on user profile."
"""Enable advance search options"" checkbox is enabled and checked, then all sub options should be enabled",,"Verify the user can view the ‘Enable advance search options’ checkbox and should be enabled (by default) and all the Enable Advance Search option following sub options check boxes are enable : Enable search by catalog classification, Enable search result display based on catalog classification, Enable fuzzy logic search and Enable search history based on user profile."
"Click on all the Enable Advance Search option sub options check boxes, Save the changes",,"Verify ""Setting Saved."" message is displayed and all the Enable Advance Search option sub options check boxes are displayed as Checked. i.e, Enable search by catalog classification check box is checked , Enable search result display based on catalog classification check box is checked, Enable fuzzy logic search check box is checked and Enable search history based on user profile check box is checked."
Uncheck the Enable Advance Search option check box and click on the Save button.,,"Verify the Enable Advance Search option check box is displayed as unchecked. ""Setting Saved."" message is displayed."
All the Enable Advance Search option sub options check boxes are displayed as unchecked and disabled for the user,,"Verify all the Enable Advance Search option sub options check boxes are displayed as Unchecked and disabled for the user and disabled for the user . i.e, Enable search by catalog classification check box is Unchecked , Enable search result display based on catalog classification check box is Unchecked, Enable fuzzy logic search check box is Unchecked and Enable search history based on user profile check box is Unchecked."
