Action,Data,Expected Result
Launch the App Portal application. Click on 'Admin' tab.,,Verify the Admin page should be displayed without any errors.
Navigate to the Catalog Behavior Page,,Verify the Catalog Behavior page is displayed by selecting the following menu options from the left side navigation options from the admin page (Site Management >> Settings >> Web Site >> Catalog Behavior Page).
User should be able to view the ‘Enable Advance Search Options’ sub-options to configure.,,"Verify that user should be able to view the ‘Enable Advance Search Options’ sub-options:

Enable search by catalog classification, Enable search result display based on catalog classification, Enable fuzzy logic search and Enable search history based on user profile."
Display all the ‘Search Options’ with the check boxes.,,"Verify the application displays the following ‘Search Options’ with the check boxes: Title, Brief Description, Full Description and Keyword search terms."
"""Enable advance search options"" checkbox is displayed and checked.",,"Verify the user can view the ‘Enable advance search options’ checkbox and should be checked(by default)

In corresponding database, execute and verify: ""Select * from WD_AppSettings Where KeyName in ('AdvancSearch', 'CatalogClassification', 'DisplayCatalogClassification', 'FuzzySearch', 'HistorySearch')"", Value column should be updated to 'true,false,false,false,false’ respectively"
All the ‘Search Options’ check boxes are enabled for the user,,"Verify all the following ‘Search Options’ check boxes are displayed as enable : Title, Brief description, Full description, keyword search terms"
Uncheck the Enable Advance Search option check box and click on the Save button.,,"Verify the Enable Advance Search option check box is displayed as unchecked. ""Setting Saved."" message is displayed.

In corresponding database, execute and verify: ""Select * from WD_AppSettings Where KeyName in ('AdvancSearch', 'CatalogClassification', 'DisplayCatalogClassification', 'FuzzySearch', 'HistorySearch')"", Value column should be updated to 'false’"
All the ‘Search Options’ check boxes are enabled for the user,,"Verify all the following ‘Search Options’ check boxes are displayed as enable : Brief description, Full description, keyword search terms"
