Action,Data,Expected Result
Install the latest version of AppPortal.,,Verify that the installation is successful.
Launch the app portal.,,Verify that the search app portal application is Launched.
Navigate to Admin >> Site Management >> Settings >> Web Site >> Catalog Behavior Page,,Verify that able to navigate to Admin >> Site Management >> Settings >> Web Site >> Catalog Behavior Page
"In Search text box, when user searching with misspelling/typo should be able see the corrected relevant search list.",,Verify that when user searching with misspelling/typo should be able see the corrected relevant search list in the search text box.
"In the ""Catalog Classification"" page, if ""Enable Catalog Classification"" checkbox is checked and in the ""Catalog Behavior"" page, if both ‘Catalog Classification’ attribute"" & ""Enable fuzzy logic search"" checkbox is checked, then upon entering search text by user in the search field, Suggestion should show the preferred items list only.",,"Verify that in the ""Catalog Classification"" page, if ""Enable Catalog Classification"" checkbox is checked and in the ""Catalog Behavior"" page, if both ""Catalog Classification attribute"" & ""Enable fuzzy logic search"" checkbox is checked, then upon entering search text by user in the search field, Suggestion should show the preferred items list only."
"In the ""Catalog Classification"" page, if ""Enable Catalog Classification"" checkbox is unchecked, then upon entering search text by user in the search field then only relevant suggestion should display.",,"Verify that in the ""Catalog Classification"" page, if ""Enable Catalog Classification"" checkbox is unchecked, then upon entering search text by user in the search field then only relevant suggestion should display."
"In Search text box, when user entering search text, by default max 10 suggestion should be displayed, based on the fuzzy logic search.",,"Verify that in Search text box, when user entering search text, by default max 10 suggestion should be displayed, based on the fuzzy logic search."
Add visibility conditions,,Add visibility conditions
"In the ""Catalog Management >> Current Catalog Items >> View All Items"" page, particularly for which items ""Is Enabled?"" checkbox is unchecked and saved, then upon entering search text by user in the search field for that item's fuzzy logic suggestion should not display in the search list.",,"Verify that in the ""Catalog Management >> Current Catalog Items >> View All Items"" page, particularly for which items ""Is Enabled?"" checkbox is unchecked and saved, then upon entering search text by user in the search field for that item's fuzzy logic suggestion should not display in the search list."
"In the ""Catalog Management >> Current Catalog Items >> View All Items"" page, particularly for which items is ""Archived"" and ""Confirmed"", then upon entering search text by user in the search field for that item's fuzzy logic suggestion should not display in the search list.",,"Verify that in the ""Catalog Management >> Current Catalog Items >> View All Items"" page, particularly for which items is ""Archived"" and ""Confirmed"", then upon entering search text by user in the search field for that item's fuzzy logic suggestion should not display in the search list."
"In the search text box, when user entering search text for that item's fuzzy logic suggestion should display in the search list and upon selecting the suggestion from list should display the relevant search results.",,"Verify that in the search text box, when user entering search text for that item's fuzzy logic suggestion should display in the search list and upon selecting the suggestion from list should display the relevant search results."
