Action,Data,Expected Result
Install the latest version of AppPortal.,,Verify that the installation is successful.
Launch the app portal.,,Verify that the search app portal application is Launched.
Navigate to Admin >> Site Management >> Settings >> Web Site >> Catalog Behavior Page,,Verify that able to navigate to Admin >> Site Management >> Settings >> Web Site >> Catalog Behavior Page
"In the ""Catalog Classification"" page, if ""Enable Catalog Classification"" checkbox is checked and in the ""Catalog Behavior"" page, if both ‘Catalog Classification’ attribute"" & ""Enable search history based on user profile"" checkbox is checked, then upon focusing cursor by user in the search field, Suggestion list should show corresponding to the user login and searched in the history.",,"Verify that in the ""Catalog Classification"" page, if ""Enable Catalog Classification"" checkbox is checked and in the ""Catalog Behavior"" page, if both ‘Catalog Classification’ attribute"" & ""Enable search history based on user profile"" checkbox is checked, then upon focusing cursor by user in the search field, Suggestion list should show corresponding to the user login and searched in the history."
"In the search text box, upon focusing cursor on the search field then user should not see the search keyword of different user, or which is not searched earlier by him.",,"Verify that upon focusing cursor on the search field then user should not see the search keyword of different user, or which is not searched earlier by him."
"In the search text box, upon focusing cursor on the search field, should display searched keyword list, User should be able to select the search text from the list of historical search keyword and display the search results accordingly.",,"Verify that upon focusing cursor on the search field, should display searched keyword list, User should be able to select the search text from the list of historical search keyword and display the search results accordingly."
"In the search text box, upon focusing cursor on the search field, user should be able to see the historical search keyword of latest max ten from the past three months searched data only.",,"Verify that upon focusing cursor on the search field, user should be able to see the historical search keyword of latest (max) ten from the past three months searched data only."
"In the search text box, upon focusing cursor on the search field, user should be able to see the unique historical search keyword suggestions.",,"Verify that upon focusing cursor on the search field, user should be able to see the unique historical search keyword suggestions."
"In the search text box, upon focusing cursor on the search field, Impersonated user search history should be visible and not the original user (before impersonation).",,"Verify that upon focusing cursor on the search field, Impersonated user search history should be visible and not the original user (before impersonation)."
"In the search text box, upon focusing cursor on the search field, If user logins with windows authentication or single sign on, based on user profile the search history should be displayed.",,"Verify that upon focusing cursor on the search field, if user logins with windows authentication or single sign on, based on user profile the search history should be displayed."
"In the search text box, upon focusing cursor on the search field, user should be able to see the historical search keyword list on different browsers/devices based on his user profile.",,"Verify that upon focusing cursor on the search field, user should be able to see the historical search keyword list on different browsers/devices based on his user profile."
"In the search text box, upon focusing cursor on the search field, if user has not used the search field to search the catalog item, there will be no history available.",,"Verify that upon focusing cursor on the search field, if user has not used the search field to search the catalog item, there will be no history available."
