Action,Data,Expected Result
Install the latest version of AppPortal.,,Verify that the installation is successful.
Launch the app portal.,,Verify that the search app portal application is Launched.
Navigate to Admin >> Site Management >> Settings >> Web Site >> Catalog Behavior Page,,Verify that able to navigate to Admin >> Site Management >> Settings >> Web Site >> Catalog Behavior Page
"In ‘Catalog Behavior' page, if any of the basic search term such as title, brief descriptions, full descriptions, keywords etc. and/or any of the Advance Search options such as 'catalog classification’ is selected then user should be able to enter the search text in Search filed and hit ‘Enter’ from keyboard. if search text is value of above-mentioned attributes, then search results should be displayed as per the data available in the database.",,Verify that search results are returned as expected considering the configured attributes.
User should be able to enter the search text in Search field and hit ‘Enter’ from keyboard and search should show search results accordingly as per the configuration done for Basic Search Terms and Advance Search Options.,,"Verify that user should be able to enter the search text in Search field and hit ‘Enter’ from keyboard, and then search should show search results accordingly as per the configuration done for Basic Search Terms and Advance Search Options."
"Upon entering typo/misspelled search text in the search field by end user, search results should be displayed with the best match search criteria from the database.",,"Verify that upon entering typo/misspelled search text in the search field by end user, search results should be displayed with the best match search criteria from the database."
