Action,Data,Expected Result
Install the latest version of AppPortal.,,Verify that the installation is successful.
Launch the app portal.,,Verify that the search app portal application is Launched.
Navigate to Admin >> Site Management >> Settings >> Web Site >> Catalog Behavior Page,,Verify that able to navigate to Admin >> Site Management >> Settings >> Web Site >> Catalog Behavior Page
"In ‘Catalog Behavior' page, if any of the basic search term such as title, brief descriptions, full descriptions, keywords etc and/or any of the Advance Search options such as 'catalog classification’ is selected and if any keyword is being searched and the keyword is value of above-mentioned basic search term or Advance Search Options then search should return the result.",,Verify that search results are returned as expected.
User should be able to enter the search text in Search field and click on search icon and search should show search results accordingly as per the configuration done for Basic Search Terms and Advance Search Options.,,"Verify that user should be able to enter the search text in Search field and click on search icon, and then search should show search results accordingly as per the configuration done for Basic Search Terms and Advance Search Options."
User should be able to enter the search text in Search field and hit ‘Enter’ from keyboard and search should show search results accordingly as per the configuration done for Basic Search Terms and Advance Search Options.,,"Verify that user should be able to enter the search text in Search field and hit ‘Enter’ from keyboard, and then search should show search results accordingly as per the configuration done for Basic Search Terms and Advance Search Options."
"User should be able to search using the any of the attributes such as title, description, keyword, catalog classification, and search results should be displayed as per the data available in the database.",,"Verify that user is able to search using the any of the attributes such as title, description, keyword, catalog classification, and search results should be displayed as per the data available in the database."
"In the Catalog Behavior page, if ‘Catalog Classification’ attribute is enabled, then upon entering search text by user in the search field, search results should be displayed in below order. 

1. preferred

2. non-classified

3. non-preferred.",,"Verify that in the Catalog Behavior page, if ‘Catalog Classification’ attribute is enabled, then upon entering search text by user in the search field, search results should be displayed in below order. 

# preferred

# non-classified

# non-preferred."
"In the Catalog Behavior page, if ‘Catalog Classification’ attribute is disabled, then upon entering search text by user in the search field, search results should be displayed in alphabetical order.",,"Verify that in the Catalog Behavior page, if ‘Catalog Classification’ attribute is disabled, then upon entering search text by user in the search field, search results should be displayed in alphabetical order."
"Upon entering typo/misspelled search text in the search field by end user, search results should be displayed with the best match search criteria from the database.",,"Verify that upon entering typo/misspelled search text in the search field by end user, search results should be displayed with the best match search criteria from the database."
