Action,Data,Expected Result
Install the latest version of AppPortal.,,Verify that the installation is successful.
Launch the app portal.,,Verify that the search app portal application is Launched.
Navigate to Admin >> Site Management >> Settings >> Web Site >> Catalog Behavior Page,,Verify that able to navigate to Admin >> Site Management >> Settings >> Web Site >> Catalog Behavior Page
"In the Catalog Behavior page, if ‘Catalog Classification’ attribute is enabled, then upon entering search text by user in the search field and click on search button, search results should be displayed in below order. 

# preferred

# non-classified

# non-preferred.",,"Verify that in the Catalog Behavior page, if ‘Catalog Classification’ attribute is enabled, then upon entering search text by user in the search field and click on search button, search results should be displayed in below order. 

# preferred

# non-classified

# non-preferred."
"In the Catalog Behavior page, if ‘Catalog Classification’ attribute is disabled, then upon entering search text by user in the search field and click on search button, search results should be displayed in alphabetical order.",,"Verify that in the Catalog Behavior page, if ‘Catalog Classification’ attribute is disabled, then upon entering search text by user in the search field and click on search button, search results should be displayed in alphabetical order."
