Action,Data,Expected Result
Install the latest version of AppPortal.,,Verify that the installation is successful.
Launch the app portal.,,Verify that the search app portal application is Launched.
Navigate to Admin >> Site Management >> Settings >> Web Site >> Catalog Behavior Page,,Verify that able to navigate to Admin >> Site Management >> Settings >> Web Site >> Catalog Behavior Page
Which Basic & Advance Search options is checked.,,Verify Basic & Advance Search options is checked.
"User should be able to enter the search text in Search filed and click on search icon, should show search results accordingly.",,"Verify that user should be able to enter the search text in Search filed and click on search icon, should show search results accordingly."
"User should be able to enter the search text in Search filed and hit ‘Enter’ from keyboard, should show search results accordingly.",,"Verify that user should be able to enter the search text in Search filed and hit ‘Enter’ from keyboard, should show search results accordingly."
"User should be able to search using the any of the attributes, like: title, description, keyword, catalog classification, should show search results accordingly.",,"Verify that user should be able to search using the any of the attributes like: title, description, keyword, catalog classification, should show search results accordingly."
"Search based on ‘Catalog Classification’:
If the attribute is enabled, user should be able to search by classification.",,"Search based on ‘Catalog Classification’:

Verify that, If the attribute is enabled, user should be able to search by catalog classification."
"* Search based on ‘Catalog Classification’:
If the attribute is disabled, user should not be able to search by classification.",,"* Search based on ‘Catalog Classification’:
Verify that, If the attribute is disabled, user should not be able to search by catalog classification."
"User should be able to search with typo/misspelled in the search text, should show the best match search results.",,"Verify that user should be able to search with typo/misspelled in the search text, should show the best match search results."
