Action,Data,Expected Result
Install the latest version of AppPortal.,,Verify that the installation is successful.
Launch the app portal.,,Verify that the search app portal application is Launched.
Navigate to Admin >> Site Management >> Settings >> Web Site >> Catalog Behavior Page,,Verify that able to navigate to Admin >> Site Management >> Settings >> Web Site >> Catalog Behavior Page
"In the Catalog Behavior page, if ‘Catalog Classification’ attribute is enabled, then upon entering search text by user in the search field and click on search button, search results should be displayed in below classification order and also alphabetically within each classification. 

# preferred
# non-classified
# non-preferred.",,"Verify that in the Catalog Behavior page, if ‘Catalog Classification’ attribute is enabled, then upon entering search text by user in the search field and click on search button, search results should be displayed in below classification order and also alphabetically within each classification. 

# preferred
# non-classified
# non-preferred."
"In the Catalog Behavior page, if ‘Catalog Classification’ attribute is disabled, then upon entering search text by user in the search field and click on search button, search results should be displayed in alphabetical order.",,"Verify that in the Catalog Behavior page, if ‘Catalog Classification’ attribute is disabled, then upon entering search text by user in the search field and click on search button, search results should be displayed in alphabetical order."
"Need to add regression test steps here. 


Need to update testcase for below requirement. Only this testcase is left to update for RQ05.

* Search result display should consider the visibility conditions set on the catalog item.",,
"Navigate to Admin >> Catalog Management >> Current Catalog Items >>
View All Item >> Double Click on any items >> A new window(pop-up) will open >>
In Global(Tab) >> Inside Global Options box, uncheck ""Is enabled?"" check box and click on Save.

Then upon entering search text by user in the search field and clicking on search button,
if search text is related to above item, then this search result should not display anything.",,"Verify that upon entering search text by user in the search field and clicking on search button,
if setting for the search text item is disabled (Save), then search result should not display anything."
"Navigate to Admin >> Catalog Management >> Current Catalog Items >>
View All Item >> Double Click on any items >> A new window(pop-up) will open >>
In Global(Tab) >> Inside Global Options box, uncheck ""Is enabled?"" check box and click on Archive.

Then upon entering search text by user in the search field and clicking on search button,
if search text is related to above item, then this search result should not display anything.",,"Verify that upon entering search text by user in the search field and clicking on search button,
if setting for the search text item is disabled (Archived), then search result should not display anything."
