Label,# Samples,Average,Median,90% Line,95% Line,99% Line,Min,Max,Error %,Throughput,Received KB/sec,Sent KB/sec
Enable Fuzzy Search Functionality:Launch Browser and Login to the application,41,205699,214155,237014,245409,252003,105008,252003,100.000%,.11546,0.27,0.00
Enable Fuzzy Search Functionality:enable fuzzy search,41,0,0,0,0,0,0,0,100.000%,.19077,0.35,0.00
Enable Fuzzy Search Functionality:Search valid keyword,205,0,0,0,0,0,0,0,18.049%,.00000,0.00,0.00
Enable Fuzzy Search Functionality:Search invalid keyword,205,0,0,0,0,0,0,0,17.073%,.00000,0.00,0.00
TOTAL,492,17141,0,0,201268,236635,0,252003,31.301%,.00000,0.00,0.00
