Label,# Samples,Average,Min,Max,Std. Dev.,Error %,Throughput,Received KB/sec,Sent KB/sec,Avg. Bytes
Enable Fuzzy Search Functionality:Launch Browser and Login to the application,41,205699,105008,252003,33914.09,100.000%,.11546,0.27,0.00,2399.4
Enable Fuzzy Search Functionality:enable fuzzy search,41,0,0,0,0.00,100.000%,.19077,0.35,0.00,1855.5
Enable Fuzzy Search Functionality:Search valid keyword,205,0,0,0,0.00,18.049%,.52414,15.81,0.00,30886.3
Enable Fuzzy Search Functionality:Search invalid keyword,205,0,0,0,0.00,17.073%,.27287,7.46,0.00,27978.7
TOTAL,492,17141,0,252003,57689.24,31.301%,.65489,15.91,0.00,24881.7
