Label,# Samples,Average,Median,90% Line,95% Line,99% Line,Min,Max,Error %,Throughput,Received KB/sec,Sent KB/sec
Enable Fuzzy Search Functionality:Launch Browser and Login to the application,5,0,0,0,0,0,0,0,0.000%,-.00000,0.00,0.00
Enable Fuzzy Search Functionality:enable fuzzy search,5,0,0,0,0,0,0,0,0.000%,∞,0.00,0.00
Enable Fuzzy Search Functionality:Search valid keyword,10,0,0,0,0,0,0,0,0.000%,∞,0.00,0.00
Enable Fuzzy Search Functionality:Search invalid keyword,10,0,0,0,0,0,0,0,0.000%,∞,0.00,0.00
TOTAL,30,0,0,0,0,0,0,0,0.000%,∞,0.00,0.00
