Label,# Samples,Average,Median,90% Line,95% Line,99% Line,Min,Max,Error %,Throughput,Received KB/sec,Sent KB/sec
Enable Fuzzy Search Functionality:Launch Browser and Login to the application,55,182847,181805,183016,183017,185007,180004,251620,100.000%,.15709,0.29,0.00
Enable Fuzzy Search Functionality:enable fuzzy search,55,0,0,0,0,0,0,1,100.000%,.34463,0.61,0.00
Enable Fuzzy Search Functionality:Search valid keyword,550,0,0,0,0,0,0,1,98.000%,.00000,0.00,0.00
Enable Fuzzy Search Functionality:Search invalid keyword,550,0,0,0,0,0,0,1,95.818%,.00000,0.00,0.00
TOTAL,1210,8311,0,0,0,183012,0,251620,97.190%,.00000,0.00,0.00
