Label,# Samples,Average,Min,Max,Std. Dev.,Error %,Throughput,Received KB/sec,Sent KB/sec,Avg. Bytes
Enable Fuzzy Search Functionality:Launch Browser and Login to the application,55,182847,180004,251620,9466.69,100.000%,.15709,0.29,0.00,1880.1
Enable Fuzzy Search Functionality:enable fuzzy search,55,0,0,1,0.13,100.000%,.34463,0.61,0.00,1816.9
Enable Fuzzy Search Functionality:Search valid keyword,550,0,0,1,0.06,98.000%,.73676,1.94,0.00,2691.8
Enable Fuzzy Search Functionality:Search invalid keyword,550,0,0,1,0.04,95.818%,.97255,3.36,0.00,3534.5
TOTAL,1210,8311,0,251620,38140.38,97.190%,.93264,2.73,0.00,2998.2
