Label,# Samples,Average,Min,Max,Std. Dev.,Error %,Throughput,Received KB/sec,Sent KB/sec,Avg. Bytes
Enable Fuzzy Search Functionality:Launch Browser and Login to the application,5,0,0,0,0.00,0.000%,.00000,0.00,0.00,40634.0
Enable Fuzzy Search Functionality:enable fuzzy search,5,0,0,0,0.00,0.000%,.00000,0.00,0.00,157035.0
Enable Fuzzy Search Functionality:Search valid keyword,10,0,0,0,0.00,0.000%,.00000,0.00,0.00,40608.4
Enable Fuzzy Search Functionality:Search invalid keyword,10,0,0,0,0.00,0.000%,.00000,0.00,0.00,40603.0
TOTAL,30,0,0,0,0.00,0.000%,.00000,0.00,0.00,60015.3
