Label,# Samples,Average,Median,90% Line,95% Line,99% Line,Min,Max,Error %,Throughput,Received KB/sec,Sent KB/sec
Enable Fuzzy Search Functionality:Launch Browser and Login to the application,47,188841,180021,228130,269384,347668,55745,347668,100.000%,.11320,0.26,0.00
Enable Fuzzy Search Functionality:enable fuzzy search,47,0,0,0,0,0,0,0,100.000%,.13905,0.25,0.00
Enable Fuzzy Search Functionality:Search valid keyword,470,0,0,0,0,0,0,0,40.213%,.00000,0.00,0.00
Enable Fuzzy Search Functionality:Search invalid keyword,470,0,0,0,0,0,0,1,34.043%,.00000,0.00,0.00
TOTAL,1034,8583,0,0,0,216512,0,347668,42.843%,.00000,0.00,0.00
