Label,# Samples,Average,Min,Max,Std. Dev.,Error %,Throughput,Received KB/sec,Sent KB/sec,Avg. Bytes
Enable Fuzzy Search Functionality:Launch Browser and Login to the application,47,188841,55745,347668,51320.96,100.000%,.11320,0.26,0.00,2337.5
Enable Fuzzy Search Functionality:enable fuzzy search,47,0,0,0,0.00,100.000%,.13905,0.25,0.00,1821.2
Enable Fuzzy Search Functionality:Search valid keyword,470,0,0,0,0.00,40.213%,1.88084,44.72,0.00,24349.7
Enable Fuzzy Search Functionality:Search invalid keyword,470,0,0,1,0.05,34.043%,3.30509,77.01,0.00,23860.8
TOTAL,1034,8583,0,347668,40828.87,42.843%,1.50450,32.47,0.00,22102.9
